{"cameraMode":{"drawMode":0,"name":"Shaded","section":"Shading Mode"},"sceneLighting":true,"audioPlay":false,"sceneViewState":{"showFog":false,"showMaterialUpdate":false,"showSkybox":false,"showFlares":false,"showImageEffects":false,"showParticleSystems":true},"in2DMode":false,"pivot":{"x":-0.08328968286514282,"y":-0.49507927894592287,"z":1.2864389419555665},"rotation":{"x":0.12151477485895157,"y":-0.0014994165394455195,"z":0.00015126944344956428,"w":0.9926363825798035},"size":9.096816062927246,"orthographic":false}