{"cameraMode":{"drawMode":0,"name":"Shaded","section":"Shading Mode"},"sceneLighting":false,"audioPlay":false,"sceneViewState":{"showFog":false,"showMaterialUpdate":false,"showSkybox":false,"showFlares":false,"showImageEffects":false,"showParticleSystems":true},"in2DMode":false,"pivot":{"x":1.1920928955078126e-7,"y":0.0,"z":1.1920928955078126e-7},"rotation":{"x":0.05113503709435463,"y":-0.07782918959856034,"z":0.003974196966737509,"w":0.9956772923469544},"size":2.857887029647827,"orthographic":false}