{"cameraMode":{"drawMode":0,"name":"Shaded","section":"Shading Mode"},"sceneLighting":true,"audioPlay":false,"sceneViewState":{"showFog":false,"showMaterialUpdate":false,"showSkybox":false,"showFlares":false,"showImageEffects":false,"showParticleSystems":true},"in2DMode":false,"pivot":{"x":4.036048889160156,"y":2.1645851135253908,"z":6.546571254730225},"rotation":{"x":-0.027286872267723085,"y":-0.04137500002980232,"z":0.0010712799848988653,"w":-0.9988378882408142},"size":16.167465209960939,"orthographic":false}