{"cameraMode":{"drawMode":0,"name":"Shaded","section":"Shading Mode"},"sceneLighting":false,"audioPlay":false,"sceneViewState":{"showFog":false,"showMaterialUpdate":false,"showSkybox":false,"showFlares":false,"showImageEffects":false,"showParticleSystems":true},"in2DMode":false,"pivot":{"x":1.1920928955078126e-7,"y":0.0,"z":-1.1920928955078126e-7},"rotation":{"x":-0.031880732625722888,"y":-0.9597374796867371,"z":0.12187428027391434,"w":-0.25109410285949709},"size":2.8578853607177736,"orthographic":false}