{"cameraMode":{"drawMode":0,"name":"Shaded","section":"Shading Mode"},"sceneLighting":false,"audioPlay":false,"sceneViewState":{"showFog":false,"showMaterialUpdate":false,"showSkybox":false,"showFlares":false,"showImageEffects":false,"showParticleSystems":true},"in2DMode":false,"pivot":{"x":1.1920928955078126e-7,"y":0.0,"z":-1.1920928955078126e-7},"rotation":{"x":-0.10189686715602875,"y":0.2441999614238739,"z":-0.025811990723013879,"w":-0.9640124440193176},"size":2.8578853607177736,"orthographic":false}